career_role,required_skills,core_topics,recommended_projects,avg_salary,demand_level,description
Python Developer,"Python,Flask,Django,REST APIs,Pandas,NumPy,Git,SQL,OOP,Unit Testing","Python fundamentals,OOP,Web frameworks,APIs,Database integration,Testing","Todo API,Blog App,Data Pipeline,REST CRUD App,CLI Tool",700000,High,"Python developers build backend systems, automation tools, and data pipelines."
Web Developer,"HTML,CSS,JavaScript,React,Node.js,REST APIs,Git,SQL,Bootstrap,Responsive Design","HTML/CSS,JavaScript,Frontend frameworks,Backend basics,Database,Version control","Portfolio Website,E-commerce Site,Blog Platform,Weather App,Chat App",750000,Very High,"Web developers design and build websites and web applications."
Frontend Developer,"HTML,CSS,JavaScript,React,Vue.js,TypeScript,Git,Figma,Bootstrap,Tailwind CSS","HTML5/CSS3,JavaScript ES6+,React/Vue,UI/UX basics,State management,Responsive design","Portfolio Website,Dashboard UI,Landing Page,Component Library,PWA App",650000,High,"Frontend developers create user interfaces and user experiences for web apps."
Data Analyst,"Python,SQL,Excel,Pandas,NumPy,Matplotlib,Seaborn,Tableau,Power BI,Statistics","Python for data,SQL queries,Data visualization,Statistics,EDA,Reporting","Sales Dashboard,EDA Project,Customer Segmentation,KPI Report,Data Cleaning Pipeline",800000,Very High,"Data analysts collect, process, and analyze data to generate insights."
Software Developer,"Java,Python,C++,OOP,Data Structures,Algorithms,Git,SQL,System Design,Unit Testing","DSA,OOP,Design patterns,Version control,Database,System design","Library Management,Inventory System,Banking App,Student Management,Chat Application",900000,Very High,"Software developers design, develop, and maintain software systems."
AI/ML Engineer,"Python,Machine Learning,Deep Learning,TensorFlow,PyTorch,Scikit-learn,Pandas,NumPy,Statistics,NLP","Python,Math/Stats,Machine learning,Deep learning,NLP,Computer vision,MLOps","Image Classifier,Sentiment Analysis,Recommendation System,Chatbot,Price Predictor",1200000,Extremely High,"AI/ML engineers build intelligent systems using machine learning and deep learning."
Data Scientist,"Python,R,Machine Learning,Statistics,SQL,Pandas,Tableau,Scikit-learn,Deep Learning,NLP","Statistics,Python/R,ML algorithms,Data visualization,Big data,Research methods","Predictive Model,NLP Project,Time Series Forecast,Fraud Detection,Market Analysis",1100000,Very High,"Data scientists extract insights from complex data using statistical and ML methods."
DevOps Engineer,"Linux,Docker,Kubernetes,CI/CD,AWS,Git,Python,Shell Scripting,Terraform,Monitoring","Linux,Containers,Cloud platforms,CI/CD pipelines,Infrastructure as code,Monitoring","CI/CD Pipeline,Docker App,K8s Deployment,Infrastructure Automation,Log Monitor",950000,High,"DevOps engineers streamline software delivery and manage infrastructure."
Mobile Developer,"Java,Kotlin,Swift,React Native,Flutter,REST APIs,Git,SQLite,UI Design,Firebase","Mobile dev basics,Android/iOS,Cross-platform,REST integration,App deployment","Todo App,Weather App,E-commerce App,Fitness Tracker,Chat App",850000,High,"Mobile developers build applications for Android and iOS platforms."
Cloud Engineer,"AWS,Azure,GCP,Docker,Kubernetes,Terraform,Python,Networking,Security,CI/CD","Cloud fundamentals,AWS/Azure/GCP,Containerization,Networking,Security,Cost optimization","Cloud Migration,Serverless App,Multi-cloud Setup,Auto-scaling System,Cost Dashboard",1000000,Extremely High,"Cloud engineers design and manage cloud infrastructure and services."
Cybersecurity Analyst,"Networking,Python,Linux,Ethical Hacking,Cryptography,SIEM,Firewalls,SQL,Incident Response,Risk Assessment","Networking,Security fundamentals,Ethical hacking,Cryptography,Compliance,Forensics","Vulnerability Scanner,Password Manager,Network Monitor,IDS System,Security Dashboard",950000,High,"Cybersecurity analysts protect systems and networks from digital threats."
Database Administrator,"SQL,MySQL,PostgreSQL,MongoDB,Oracle,Performance Tuning,Backup & Recovery,Security,Python,Shell Scripting","SQL,Database design,Performance tuning,Backup/recovery,Security,Replication","Database Migration,Performance Monitor,Backup System,Query Optimizer,DBA Dashboard",800000,Medium,"DBAs manage, optimize, and maintain database systems."
